BEGIN TRANSACTION;
CREATE TABLE "Address" ("addressId" TEXT, "street" TEXT, "streetNumber" TEXT, "postalCode" TEXT, "city" TEXT, "country" TEXT);
INSERT INTO "Address" VALUES('1','Münsterplatz','54','5000','Aarau','CH');
INSERT INTO "Address" VALUES('2','Rennweg','31','9000','St. Gallen','CH');
INSERT INTO "Address" VALUES('3','Pilatusstrasse','34','6011','Kriens','CH');
INSERT INTO "Address" VALUES('4','Rennweg','17','9000','St. Gallen','CH');
INSERT INTO "Address" VALUES('5','Zürichstrasse','84','8001','Zürich','CH');
INSERT INTO "Address" VALUES('6','Bahnhofstrasse','28','3000','Bern','CH');
INSERT INTO "Address" VALUES('7','Bahnhofstrasse','4','3000','Bern','CH');
INSERT INTO "Address" VALUES('8','Pilatusstrasse','12','6011','Kriens','CH');
INSERT INTO "Address" VALUES('9','Limmatquai','7','8001','Zürich','CH');
INSERT INTO "Address" VALUES('10','Limmatquai','11','8001','Zürich','CH');
INSERT INTO "Address" VALUES('11','Bahnhofstrasse','78','3000','Bern','CH');
INSERT INTO "Address" VALUES('12','Freiestrasse','82','4051','Basel','CH');
INSERT INTO "Address" VALUES('13','Rennweg','16','9000','St. Gallen','CH');
INSERT INTO "Address" VALUES('14','Marktgasse','49','4000','Basel','CH');
INSERT INTO "Address" VALUES('15','Münsterplatz','49','5000','Aarau','CH');
INSERT INTO "Address" VALUES('16','Münsterplatz','10','5000','Aarau','CH');
INSERT INTO "Address" VALUES('17','Freiestrasse','63','4051','Basel','CH');
INSERT INTO "Address" VALUES('18','Münsterplatz','16','5000','Aarau','CH');
INSERT INTO "Address" VALUES('19','Freiestrasse','76','4051','Basel','CH');
INSERT INTO "Address" VALUES('20','Rennweg','30','9000','St. Gallen','CH');
INSERT INTO "Address" VALUES('21','Marktgasse','37','4000','Basel','CH');
INSERT INTO "Address" VALUES('22','Rennweg','56','9000','St. Gallen','CH');
INSERT INTO "Address" VALUES('23','Marktgasse','78','4000','Basel','CH');
INSERT INTO "Address" VALUES('24','Freiestrasse','25','4051','Basel','CH');
INSERT INTO "Address" VALUES('25','Zürichstrasse','59','8001','Zürich','CH');
INSERT INTO "Address" VALUES('26','Freiestrasse','34','4051','Basel','CH');
INSERT INTO "Address" VALUES('27','Freiestrasse','75','4051','Basel','CH');
INSERT INTO "Address" VALUES('28','Gotthardstrasse','57','6000','Luzern','CH');
INSERT INTO "Address" VALUES('29','Pilatusstrasse','74','6011','Kriens','CH');
INSERT INTO "Address" VALUES('30','Marktgasse','29','4000','Basel','CH');
INSERT INTO "Address" VALUES('31','Limmatquai','72','8001','Zürich','CH');
INSERT INTO "Address" VALUES('32','Bahnhofstrasse','17','3000','Bern','CH');
INSERT INTO "Address" VALUES('33','Zürichstrasse','38','8001','Zürich','CH');
INSERT INTO "Address" VALUES('34','Pilatusstrasse','29','6011','Kriens','CH');
INSERT INTO "Address" VALUES('35','Seefeldstrasse','39','8008','Zürich','CH');
INSERT INTO "Address" VALUES('36','Zürichstrasse','76','8001','Zürich','CH');
INSERT INTO "Address" VALUES('37','Limmatquai','3','8001','Zürich','CH');
INSERT INTO "Address" VALUES('38','Limmatquai','33','8001','Zürich','CH');
INSERT INTO "Address" VALUES('39','Zürichstrasse','69','8001','Zürich','CH');
INSERT INTO "Address" VALUES('40','Rennweg','35','9000','St. Gallen','CH');
INSERT INTO "Address" VALUES('41','Seefeldstrasse','76','8008','Zürich','CH');
INSERT INTO "Address" VALUES('42','Münsterplatz','79','5000','Aarau','CH');
INSERT INTO "Address" VALUES('43','Gotthardstrasse','33','6000','Luzern','CH');
INSERT INTO "Address" VALUES('44','Freiestrasse','74','4051','Basel','CH');
INSERT INTO "Address" VALUES('45','Zürichstrasse','87','8001','Zürich','CH');
INSERT INTO "Address" VALUES('46','Zürichstrasse','45','8001','Zürich','CH');
INSERT INTO "Address" VALUES('47','Seefeldstrasse','19','8008','Zürich','CH');
INSERT INTO "Address" VALUES('48','Rennweg','82','9000','St. Gallen','CH');
INSERT INTO "Address" VALUES('49','Zürichstrasse','34','8001','Zürich','CH');
INSERT INTO "Address" VALUES('50','Gotthardstrasse','41','6000','Luzern','CH');
CREATE TABLE "Bill" ("billId" TEXT, "paymentId" TEXT, "bookingId" TEXT, "date" TEXT, "currency" TEXT, "amount" TEXT, "isPaid" TEXT);
INSERT INTO "Bill" VALUES('1','7','20','2024-04-07 13:01:23','CHF','947.03','1');
INSERT INTO "Bill" VALUES('2','2','33','2024-07-10 02:47:13','EUR','1074.86','0');
INSERT INTO "Bill" VALUES('3','1','15','2024-02-28 08:42:48','USD','893.51','1');
INSERT INTO "Bill" VALUES('4','9','8','2024-01-11 05:54:15','INR','827.77','1');
INSERT INTO "Bill" VALUES('5','2','25','2024-05-14 10:40:28','EUR','997.44','1');
INSERT INTO "Bill" VALUES('6','4','3','2023-12-02 01:12:40','JPY','772.86','1');
INSERT INTO "Bill" VALUES('7','3','42','2024-09-10 19:31:10','GBP','1160.52','0');
INSERT INTO "Bill" VALUES('8','1','8','2024-01-10 21:54:05','USD','827.32','1');
INSERT INTO "Bill" VALUES('9','1','25','2024-05-09 20:11:45','USD','991.15','1');
INSERT INTO "Bill" VALUES('10','3','15','2024-02-27 20:10:55','GBP','892.79','1');
INSERT INTO "Bill" VALUES('11','6','9','2024-01-16 16:12:58','CAD','835.19','1');
INSERT INTO "Bill" VALUES('12','9','18','2024-03-22 01:31:34','INR','924.52','1');
INSERT INTO "Bill" VALUES('13','4','13','2024-02-15 03:03:44','JPY','875.43','1');
INSERT INTO "Bill" VALUES('14','1','20','2024-04-04 17:57:37','USD','943.21','1');
INSERT INTO "Bill" VALUES('15','2','1','2023-11-18 08:55:46','EUR','754.17','1');
INSERT INTO "Bill" VALUES('16','10','13','2023-11-21 08:42:11','NZD','758.26','1');
INSERT INTO "Bill" VALUES('17','7','9','2024-02-15 00:52:26','CHF','875.30','1');
INSERT INTO "Bill" VALUES('18','10','28','2024-01-17 20:17:39','NZD','836.79','1');
INSERT INTO "Bill" VALUES('19','2','35','2024-06-04 00:29:52','EUR','1025.55','0');
INSERT INTO "Bill" VALUES('20','2','41','2024-07-24 14:34:51','EUR','1094.66','0');
INSERT INTO "Bill" VALUES('21','8','15','2024-09-08 10:02:55','CNY','1157.24','0');
INSERT INTO "Bill" VALUES('22','2','1','2024-03-18 08:01:32','EUR','919.42','1');
INSERT INTO "Bill" VALUES('23','10','7','2023-11-18 08:01:01','NZD','894.27','1');
INSERT INTO "Bill" VALUES('24','6','30','2024-06-14 18:18:27','CAD','754.12','1');
INSERT INTO "Bill" VALUES('25','10','47','2024-01-19 07:16:09','NZD','813.79','1');
INSERT INTO "Bill" VALUES('26','7','10','2024-10-21 02:57:33','CHF','1040.23','0');
INSERT INTO "Bill" VALUES('27','4','32','2024-01-18 16:28:14','JPY','838.78','1');
INSERT INTO "Bill" VALUES('28','3','46','2024-10-08 19:09:54','GBP','1215.58','0');
INSERT INTO "Bill" VALUES('29','2','8','2024-07-28 00:56:33','EUR','837.94','1');
INSERT INTO "Bill" VALUES('30','7','7','2024-07-02 21:00:49','CHF','842.85','1');
INSERT INTO "Bill" VALUES('31','9','38','2024-10-10 04:09:58','INR','1198.75','0');
INSERT INTO "Bill" VALUES('32','10','7','2024-01-11 02:02:34','NZD','1099.35','0');
INSERT INTO "Bill" VALUES('33','7','46','2024-02-24 04:55:29','CHF','1064.97','0');
INSERT INTO "Bill" VALUES('34','9','32','2024-08-15 10:59:19','INR','1200.62','0');
INSERT INTO "Bill" VALUES('35','1','16','2023-12-30 17:31:08','USD','827.55','1');
INSERT INTO "Bill" VALUES('36','8','35','2024-10-24 04:57:27','CNY','887.83','1');
INSERT INTO "Bill" VALUES('37','5','29','2024-05-22 23:12:49','AUD','817.25','1');
INSERT INTO "Bill" VALUES('38','8','39','2024-10-10 04:34:55','CNY','1124.51','0');
INSERT INTO "Bill" VALUES('39','1','11','2024-07-04 21:05:10','USD','812.04','1');
INSERT INTO "Bill" VALUES('40','10','6','2024-07-25 17:09:53','NZD','1219.80','0');
INSERT INTO "Bill" VALUES('41','2','45','2024-06-10 06:26:21','EUR','1009.09','0');
INSERT INTO "Bill" VALUES('42','9','31','2024-08-23 22:08:30','INR','1200.65','0');
INSERT INTO "Bill" VALUES('43','5','48','2024-01-30 16:44:53','AUD','1067.71','0');
INSERT INTO "Bill" VALUES('44','10','31','2023-12-25 19:25:11','NZD','900.01','1');
INSERT INTO "Bill" VALUES('45','3','43','2024-10-07 12:22:07','GBP','1096.17','0');
INSERT INTO "Bill" VALUES('46','1','1','2024-06-26 22:38:34','USD','1034.09','0');
INSERT INTO "Bill" VALUES('47','2','36','2024-09-24 20:28:49','EUR','1136.07','0');
INSERT INTO "Bill" VALUES('48','4','21','2024-10-27 03:33:43','JPY','854.35','1');
INSERT INTO "Bill" VALUES('49','9','36','2024-06-25 05:34:24','INR','805.32','1');
INSERT INTO "Bill" VALUES('50','5','2','2024-09-22 11:10:46','AUD','1196.99','0');
CREATE TABLE "BillArticles" ("articleId" TEXT, "description" TEXT, "amount" TEXT);
INSERT INTO "BillArticles" VALUES('1','Skikurs Fortgeschrittene','85.86');
INSERT INTO "BillArticles" VALUES('2','Zimmerservice','69.75');
INSERT INTO "BillArticles" VALUES('3','Pistenraupenfahrt','193.04');
INSERT INTO "BillArticles" VALUES('4','Schneeschuh-Verleih','37.30');
INSERT INTO "BillArticles" VALUES('5','Fotokurs im Schnee','228.48');
INSERT INTO "BillArticles" VALUES('6','Gepäckservice','118.08');
INSERT INTO "BillArticles" VALUES('7','Skikurs Fortgeschrittene','115.62');
INSERT INTO "BillArticles" VALUES('8','Winterwanderung','53.40');
INSERT INTO "BillArticles" VALUES('9','Pistenraupenfahrt','245.11');
INSERT INTO "BillArticles" VALUES('10','Premium WiFi Zugang','180.91');
INSERT INTO "BillArticles" VALUES('11','Zimmerservice','84.79');
INSERT INTO "BillArticles" VALUES('12','Indoor-Klettern','191.49');
INSERT INTO "BillArticles" VALUES('13','Winterwanderung','74.70');
INSERT INTO "BillArticles" VALUES('14','Frühbucher-Rabatt','118.17');
INSERT INTO "BillArticles" VALUES('15','Frühbucher-Rabatt','63.52');
INSERT INTO "BillArticles" VALUES('16','Almfrühstück','142.43');
INSERT INTO "BillArticles" VALUES('17','Fotokurs im Schnee','70.21');
INSERT INTO "BillArticles" VALUES('18','Friseurtermin','192.96');
INSERT INTO "BillArticles" VALUES('19','Fotokurs im Schnee','146.08');
INSERT INTO "BillArticles" VALUES('20','Frühstück im Bett','197.37');
INSERT INTO "BillArticles" VALUES('21','Heißgetränk am Kamin','112.30');
INSERT INTO "BillArticles" VALUES('22','Käsefondue-Abend','74.40');
INSERT INTO "BillArticles" VALUES('23','Cocktailkurs','212.00');
INSERT INTO "BillArticles" VALUES('24','Raclette-Abend','214.09');
INSERT INTO "BillArticles" VALUES('25','Late Checkout','131.31');
INSERT INTO "BillArticles" VALUES('26','Skikurs Fortgeschrittene','152.68');
INSERT INTO "BillArticles" VALUES('27','Eislaufen','247.05');
INSERT INTO "BillArticles" VALUES('28','Heißgetränk am Kamin','156.54');
INSERT INTO "BillArticles" VALUES('29','Schneeschuh-Verleih','24.51');
INSERT INTO "BillArticles" VALUES('30','Willkommensgetränk','246.11');
INSERT INTO "BillArticles" VALUES('31','Zimmer-Upgrade','226.99');
INSERT INTO "BillArticles" VALUES('32','Frühstück im Bett','239.18');
INSERT INTO "BillArticles" VALUES('33','Indoor-Klettern','170.48');
INSERT INTO "BillArticles" VALUES('34','Schneeschuh-Verleih','210.86');
INSERT INTO "BillArticles" VALUES('35','Skipass','163.96');
INSERT INTO "BillArticles" VALUES('36','Cocktailkurs','83.45');
INSERT INTO "BillArticles" VALUES('37','Fotokurs im Schnee','198.59');
INSERT INTO "BillArticles" VALUES('38','Pistenraupenfahrt','5.00');
INSERT INTO "BillArticles" VALUES('39','Frühstück im Bett','175.55');
INSERT INTO "BillArticles" VALUES('40','Friseurtermin','241.98');
INSERT INTO "BillArticles" VALUES('41','Eislaufen','205.82');
INSERT INTO "BillArticles" VALUES('42','Täglich frische Handtücher','81.84');
INSERT INTO "BillArticles" VALUES('43','Live-Musik-Abend','210.84');
INSERT INTO "BillArticles" VALUES('44','Massage','86.74');
INSERT INTO "BillArticles" VALUES('45','Snowboard-Verleih','76.25');
INSERT INTO "BillArticles" VALUES('46','Ski- und Snowboard-Reparatur','90.59');
INSERT INTO "BillArticles" VALUES('47','Frühbucher-Rabatt','238.29');
INSERT INTO "BillArticles" VALUES('48','Premium WiFi Zugang','53.72');
INSERT INTO "BillArticles" VALUES('49','Hundeschlittentour','137.08');
INSERT INTO "BillArticles" VALUES('50','Frühstück im Bett','126.59');
CREATE TABLE "Bill_BillArticles" ("billId" TEXT, "articleId" TEXT);
INSERT INTO "Bill_BillArticles" VALUES('45','45');
INSERT INTO "Bill_BillArticles" VALUES('20','20');
INSERT INTO "Bill_BillArticles" VALUES('50','50');
INSERT INTO "Bill_BillArticles" VALUES('46','46');
INSERT INTO "Bill_BillArticles" VALUES('30','30');
INSERT INTO "Bill_BillArticles" VALUES('20','20');
INSERT INTO "Bill_BillArticles" VALUES('34','34');
INSERT INTO "Bill_BillArticles" VALUES('46','46');
INSERT INTO "Bill_BillArticles" VALUES('16','16');
INSERT INTO "Bill_BillArticles" VALUES('7','7');
INSERT INTO "Bill_BillArticles" VALUES('12','12');
INSERT INTO "Bill_BillArticles" VALUES('28','28');
INSERT INTO "Bill_BillArticles" VALUES('17','17');
INSERT INTO "Bill_BillArticles" VALUES('12','12');
INSERT INTO "Bill_BillArticles" VALUES('15','15');
INSERT INTO "Bill_BillArticles" VALUES('46','46');
INSERT INTO "Bill_BillArticles" VALUES('39','39');
INSERT INTO "Bill_BillArticles" VALUES('23','23');
INSERT INTO "Bill_BillArticles" VALUES('22','22');
INSERT INTO "Bill_BillArticles" VALUES('46','46');
INSERT INTO "Bill_BillArticles" VALUES('28','28');
INSERT INTO "Bill_BillArticles" VALUES('2','2');
INSERT INTO "Bill_BillArticles" VALUES('26','26');
INSERT INTO "Bill_BillArticles" VALUES('10','10');
INSERT INTO "Bill_BillArticles" VALUES('18','18');
INSERT INTO "Bill_BillArticles" VALUES('13','13');
INSERT INTO "Bill_BillArticles" VALUES('38','38');
INSERT INTO "Bill_BillArticles" VALUES('43','43');
INSERT INTO "Bill_BillArticles" VALUES('30','30');
INSERT INTO "Bill_BillArticles" VALUES('39','39');
INSERT INTO "Bill_BillArticles" VALUES('7','7');
INSERT INTO "Bill_BillArticles" VALUES('14','14');
INSERT INTO "Bill_BillArticles" VALUES('24','24');
INSERT INTO "Bill_BillArticles" VALUES('5','5');
INSERT INTO "Bill_BillArticles" VALUES('2','2');
INSERT INTO "Bill_BillArticles" VALUES('40','40');
INSERT INTO "Bill_BillArticles" VALUES('36','36');
INSERT INTO "Bill_BillArticles" VALUES('9','9');
INSERT INTO "Bill_BillArticles" VALUES('11','11');
INSERT INTO "Bill_BillArticles" VALUES('8','8');
INSERT INTO "Bill_BillArticles" VALUES('8','8');
INSERT INTO "Bill_BillArticles" VALUES('44','44');
INSERT INTO "Bill_BillArticles" VALUES('19','19');
INSERT INTO "Bill_BillArticles" VALUES('45','45');
INSERT INTO "Bill_BillArticles" VALUES('5','5');
INSERT INTO "Bill_BillArticles" VALUES('32','32');
INSERT INTO "Bill_BillArticles" VALUES('12','12');
INSERT INTO "Bill_BillArticles" VALUES('31','31');
INSERT INTO "Bill_BillArticles" VALUES('34','34');
INSERT INTO "Bill_BillArticles" VALUES('26','26');
CREATE TABLE "Booking" ("bookingId" TEXT, "clientId" TEXT, "startDate" TEXT, "bookingDate" TEXT, "endDate" TEXT, "hasBeenCanceled" TEXT);
INSERT INTO "Booking" VALUES('1','48','2025-02-15','2025-02-10','2025-02-18','0');
INSERT INTO "Booking" VALUES('2','42','2025-03-01','2025-02-28','2025-03-10','1');
INSERT INTO "Booking" VALUES('3','24','2025-02-15','2025-02-10','2025-02-18','0');
INSERT INTO "Booking" VALUES('4','2','2025-02-15','2025-02-10','2025-02-18','0');
INSERT INTO "Booking" VALUES('5','3','2025-01-01','2024-12-28','2025-01-04','0');
INSERT INTO "Booking" VALUES('6','13','2024-11-15','2024-11-14','2024-11-18','0');
INSERT INTO "Booking" VALUES('7','20','2024-11-15','2024-11-14','2024-11-18','0');
INSERT INTO "Booking" VALUES('8','22','2024-12-01','2024-11-30','2024-12-05','1');
INSERT INTO "Booking" VALUES('9','39','2025-02-15','2025-02-10','2025-02-18','1');
INSERT INTO "Booking" VALUES('10','31','2025-01-01','2024-12-28','2025-01-04','1');
INSERT INTO "Booking" VALUES('11','33','2025-01-01','2024-12-28','2025-01-04','1');
INSERT INTO "Booking" VALUES('12','4','2025-01-01','2024-12-28','2025-01-04','0');
INSERT INTO "Booking" VALUES('13','44','2025-02-15','2025-02-10','2025-02-18','1');
INSERT INTO "Booking" VALUES('14','7','2025-01-01','2024-12-28','2025-01-04','1');
INSERT INTO "Booking" VALUES('15','2','2025-02-15','2025-02-10','2025-02-18','1');
INSERT INTO "Booking" VALUES('16','49','2025-02-15','2025-02-10','2025-02-18','1');
INSERT INTO "Booking" VALUES('17','44','2024-11-15','2024-11-14','2024-11-18','0');
INSERT INTO "Booking" VALUES('18','4','2025-03-01','2025-02-28','2025-03-10','1');
INSERT INTO "Booking" VALUES('19','43','2024-11-15','2024-11-14','2024-11-18','0');
INSERT INTO "Booking" VALUES('20','25','2024-11-15','2024-11-14','2024-11-18','0');
INSERT INTO "Booking" VALUES('21','50','2025-02-15','2025-02-10','2025-02-18','0');
INSERT INTO "Booking" VALUES('22','9','2025-03-01','2025-02-28','2025-03-10','1');
INSERT INTO "Booking" VALUES('23','34','2025-03-01','2025-02-28','2025-03-10','0');
INSERT INTO "Booking" VALUES('24','15','2024-11-15','2024-11-14','2024-11-18','0');
INSERT INTO "Booking" VALUES('25','49','2025-03-01','2025-02-28','2025-03-10','1');
INSERT INTO "Booking" VALUES('26','35','2025-01-01','2024-12-28','2025-01-04','1');
INSERT INTO "Booking" VALUES('27','50','2024-12-01','2024-11-30','2024-12-05','1');
INSERT INTO "Booking" VALUES('28','40','2025-02-15','2025-02-10','2025-02-18','1');
INSERT INTO "Booking" VALUES('29','11','2025-02-15','2025-02-10','2025-02-18','0');
INSERT INTO "Booking" VALUES('30','9','2024-12-01','2024-11-30','2024-12-05','0');
INSERT INTO "Booking" VALUES('31','43','2025-02-15','2025-02-10','2025-02-18','0');
INSERT INTO "Booking" VALUES('32','33','2025-02-15','2025-02-10','2025-02-18','0');
INSERT INTO "Booking" VALUES('33','40','2024-12-01','2024-11-30','2024-12-05','0');
INSERT INTO "Booking" VALUES('34','6','2025-03-01','2025-02-28','2025-03-10','1');
INSERT INTO "Booking" VALUES('35','12','2025-02-15','2025-02-10','2025-02-18','1');
INSERT INTO "Booking" VALUES('36','20','2024-11-15','2024-11-14','2024-11-18','0');
INSERT INTO "Booking" VALUES('37','44','2024-12-01','2024-11-30','2024-12-05','1');
INSERT INTO "Booking" VALUES('38','17','2025-03-01','2025-02-28','2025-03-10','0');
INSERT INTO "Booking" VALUES('39','3','2024-12-01','2024-11-30','2024-12-05','1');
INSERT INTO "Booking" VALUES('40','47','2024-11-15','2024-11-14','2024-11-18','1');
INSERT INTO "Booking" VALUES('41','50','2025-03-01','2025-02-28','2025-03-10','1');
INSERT INTO "Booking" VALUES('42','50','2025-01-01','2024-12-28','2025-01-04','0');
INSERT INTO "Booking" VALUES('43','46','2024-11-15','2024-11-14','2024-11-18','0');
INSERT INTO "Booking" VALUES('44','29','2024-12-01','2024-11-30','2024-12-05','1');
INSERT INTO "Booking" VALUES('45','25','2025-03-01','2025-02-28','2025-03-10','0');
INSERT INTO "Booking" VALUES('46','29','2025-02-15','2025-02-10','2025-02-18','0');
INSERT INTO "Booking" VALUES('47','10','2025-01-01','2024-12-28','2025-01-04','0');
INSERT INTO "Booking" VALUES('48','6','2024-12-01','2024-11-30','2024-12-05','0');
INSERT INTO "Booking" VALUES('49','12','2025-02-15','2025-02-10','2025-02-18','0');
INSERT INTO "Booking" VALUES('50','46','2025-03-01','2025-02-28','2025-03-10','0');
CREATE TABLE "Client" ("clientId" TEXT, "addressId" TEXT, "name" TEXT, "surname" TEXT, "phoneNumber" TEXT, "email" TEXT, "additionalInfo" TEXT);
INSERT INTO "Client" VALUES('1','19','Deeanne','Benedick','+41799321100','deeanne.benedick@hotmail.com','Höflich');
INSERT INTO "Client" VALUES('2','14','Lynette','Batsford','+41799321100','lynette.batsford@cox.net','Höflich');
INSERT INTO "Client" VALUES('3','18','Jedd','Tottle','+41791234567','jedd.tottle@mail.ru','Sehr freundlich');
INSERT INTO "Client" VALUES('4','4','Cassie','Skuce','+41881234567','cassie.skuce@wanadoo.fr','Sympathisch');
INSERT INTO "Client" VALUES('5','9','Chrissie','Troman','+41581234567','chrissie.troman@yahoo.com',NULL);
INSERT INTO "Client" VALUES('6','3','Dante','Rape','+41769876543','dante.rape@hotmail.fr','Zuverlässig');
INSERT INTO "Client" VALUES('7','5','Wilhelm','Harborow','+41781234567','wilhelm.harborow@yahoo.co.uk','Mühsam');
INSERT INTO "Client" VALUES('8','36','Yul','Teese','+41991234567','yul.teese@gmail.com','Ehrgeizig');
INSERT INTO "Client" VALUES('9','26','Thaddeus','Stopps','+41791234567','thaddeus.stopps@gmail.com','Sehr freundlich');
INSERT INTO "Client" VALUES('10','45','Micah','Stuchburie','+41651234567','micah.stuchburie@yahoo.in',NULL);
INSERT INTO "Client" VALUES('11','4','Tasha','O''Gormally','+41881234567','tasha.o''gormally@hotmail.com','Sympathisch');
INSERT INTO "Client" VALUES('12','9','Rod','Trodler','+41991234567','rod.trodler@gmail.com','Ehrgeizig');
INSERT INTO "Client" VALUES('13','43','Lazaro','McGlaud','+41991234567','lazaro.mcglaud@hotmail.com','Ehrgeizig');
INSERT INTO "Client" VALUES('14','39','Rianon','Dugdale','+41781234567','rianon.dugdale@yahoo.com','Mühsam');
INSERT INTO "Client" VALUES('15','11','Waylen','Lilion','+41791234567','waylen.lilion@hotmail.com','Sehr freundlich');
INSERT INTO "Client" VALUES('16','47','Alick','Divall','+41581234567','alick.divall@hotmail.com',NULL);
INSERT INTO "Client" VALUES('17','13','Molli','Tender','+41987654321','molli.tender@aol.com',NULL);
INSERT INTO "Client" VALUES('18','18','Norris','Kineton','+41775678901','norris.kineton@yahoo.com','Pünktlich');
INSERT INTO "Client" VALUES('19','34','Sherman','Geyton','+41679876543','sherman.geyton@gmail.com',NULL);
INSERT INTO "Client" VALUES('20','12','Birk','Chugg','+41765678567','birk.chugg@yahoo.com','Sehr spendierfreudig');
INSERT INTO "Client" VALUES('21','38','Jillayne','Caveney','+41991234567','jillayne.caveney@gmail.com','Ehrgeizig');
INSERT INTO "Client" VALUES('22','3','Bancroft','Stackbridge','+41765678567','bancroft.stackbridge@hotmail.com','Sehr spendierfreudig');
INSERT INTO "Client" VALUES('23','34','Kiersten','Niemiec','+41799321100','kiersten.niemiec@aol.com','Höflich');
INSERT INTO "Client" VALUES('24','49','Cecilius','Aitcheson','+41651234567','cecilius.aitcheson@gmail.com',NULL);
INSERT INTO "Client" VALUES('25','41','Mady','Pitrollo','+41765678567','mady.pitrollo@live.nl','Sehr spendierfreudig');
INSERT INTO "Client" VALUES('26','31','Yuri','Bubbins','+41775678901','yuri.bubbins@optusnet.com.au','Pünktlich');
INSERT INTO "Client" VALUES('27','50','Amity','Pagett','+41775678901','amity.pagett@yahoo.com','Pünktlich');
INSERT INTO "Client" VALUES('28','7','Hildy','Kulic','+41781234567','hildy.kulic@orange.fr','Mühsam');
INSERT INTO "Client" VALUES('29','28','Melicent','Rugg','+41679876543','melicent.rugg@hotmail.com',NULL);
INSERT INTO "Client" VALUES('30','45','Bartram','Haddy','+41586543210','bartram.haddy@skynet.be',NULL);
INSERT INTO "Client" VALUES('31','9','Clayson','Hartburn','+41987654321','clayson.hartburn@gmail.com',NULL);
INSERT INTO "Client" VALUES('32','36','Iago','Chamberlen','+41791234567','iago.chamberlen@yahoo.com','Sehr freundlich');
INSERT INTO "Client" VALUES('33','26','Lily','Portman','+41769876543','lily.portman@yahoo.com','Zuverlässig');
INSERT INTO "Client" VALUES('34','33','Patrizius','Norquay','+41679876543','patrizius.norquay@gmail.com',NULL);
INSERT INTO "Client" VALUES('35','31','Zora','Pawellek','+41991234567','zora.pawellek@rediffmail.com','Ehrgeizig');
INSERT INTO "Client" VALUES('36','23','Halimeda','Yeandel','+41791234567','halimeda.yeandel@terra.com.br','Sehr freundlich');
INSERT INTO "Client" VALUES('37','45','Ahmad','D''Cruze','+41587654321','ahmad.d''cruze@hotmail.com',NULL);
INSERT INTO "Client" VALUES('38','48','Elly','Bohje','+41991234567','elly.bohje@gmail.com','Ehrgeizig');
INSERT INTO "Client" VALUES('39','36','Herta','Ebdin','+41991234567','herta.ebdin@gmail.com','Ehrgeizig');
INSERT INTO "Client" VALUES('40','20','Thedrick','Sarra','+41581234567','thedrick.sarra@yahoo.co.uk',NULL);
INSERT INTO "Client" VALUES('41','47','Harmony','Amberson','+41651234567','harmony.amberson@yahoo.fr',NULL);
INSERT INTO "Client" VALUES('42','35','Michelle','Merfin','+41881234567','michelle.merfin@yahoo.com','Sympathisch');
INSERT INTO "Client" VALUES('43','39','Taffy','Lamplough','+41769876543','taffy.lamplough@yahoo.com','Zuverlässig');
INSERT INTO "Client" VALUES('44','40','Nathalie','Landal','+41769876543','nathalie.landal@yahoo.com','Zuverlässig');
INSERT INTO "Client" VALUES('45','47','Myrna','Harefoot','+41586543210','myrna.harefoot@comcast.net',NULL);
INSERT INTO "Client" VALUES('46','3','Yurik','Dow','+41991234567','yurik.dow@hotmail.com','Ehrgeizig');
INSERT INTO "Client" VALUES('47','4','Paulo','Whitrod','+41679876543','paulo.whitrod@yahoo.fr',NULL);
INSERT INTO "Client" VALUES('48','45','Maridel','Thomesson','+41651234567','maridel.thomesson@gmail.com',NULL);
INSERT INTO "Client" VALUES('49','31','Nissa','Attyeo','+41799321100','nissa.attyeo@gmail.com','Höflich');
INSERT INTO "Client" VALUES('50','35','Gib','McGinny','+41991234567','gib.mcginny@yahoo.com','Ehrgeizig');
CREATE TABLE "Feature" ("featureId" TEXT, "type" TEXT);
INSERT INTO "Feature" VALUES('1','Spielzimmer');
INSERT INTO "Feature" VALUES('2','Schrank');
INSERT INTO "Feature" VALUES('3','Balkon');
INSERT INTO "Feature" VALUES('4','Fernseher');
INSERT INTO "Feature" VALUES('5','Seesicht');
INSERT INTO "Feature" VALUES('6','Spielzimmer');
INSERT INTO "Feature" VALUES('7','Fitnessraum');
INSERT INTO "Feature" VALUES('8','Schrank');
INSERT INTO "Feature" VALUES('9','Badewanne');
INSERT INTO "Feature" VALUES('10','Fön');
INSERT INTO "Feature" VALUES('11','Pool');
INSERT INTO "Feature" VALUES('12','Sauna');
INSERT INTO "Feature" VALUES('13','Terrasse');
INSERT INTO "Feature" VALUES('14','Pool');
INSERT INTO "Feature" VALUES('15','Safe');
INSERT INTO "Feature" VALUES('16','Fön');
INSERT INTO "Feature" VALUES('17','Pool');
INSERT INTO "Feature" VALUES('18','Balkon');
INSERT INTO "Feature" VALUES('19','Safe');
INSERT INTO "Feature" VALUES('20','Schrank');
INSERT INTO "Feature" VALUES('21','Minibar');
INSERT INTO "Feature" VALUES('22','Terrasse');
INSERT INTO "Feature" VALUES('23','Jacuzzi');
INSERT INTO "Feature" VALUES('24','Wc');
INSERT INTO "Feature" VALUES('25','Telefon');
INSERT INTO "Feature" VALUES('26','Kamin');
INSERT INTO "Feature" VALUES('27','Telefon');
INSERT INTO "Feature" VALUES('28','Kamin');
INSERT INTO "Feature" VALUES('29','Fön');
INSERT INTO "Feature" VALUES('30','Anzahl Betten');
INSERT INTO "Feature" VALUES('31','Beleuchtung');
INSERT INTO "Feature" VALUES('32','Fön');
INSERT INTO "Feature" VALUES('33','Kaffeemaschine');
INSERT INTO "Feature" VALUES('34','Wc');
INSERT INTO "Feature" VALUES('35','Fernseher');
INSERT INTO "Feature" VALUES('36','Restaurant');
INSERT INTO "Feature" VALUES('37','Schrank');
INSERT INTO "Feature" VALUES('38','Schrank');
INSERT INTO "Feature" VALUES('39','Jacuzzi');
INSERT INTO "Feature" VALUES('40','Konferenzraum');
INSERT INTO "Feature" VALUES('41','Spielzimmer');
INSERT INTO "Feature" VALUES('42','Schrank');
INSERT INTO "Feature" VALUES('43','Spielzimmer');
INSERT INTO "Feature" VALUES('44','Fahrradverleih');
INSERT INTO "Feature" VALUES('45','Klimaanlage');
INSERT INTO "Feature" VALUES('46','Pool');
INSERT INTO "Feature" VALUES('47','Restaurant');
INSERT INTO "Feature" VALUES('48','Beleuchtung');
INSERT INTO "Feature" VALUES('49','Pool');
INSERT INTO "Feature" VALUES('50','Dusche');
CREATE TABLE "Hotel" ("hotelId" TEXT, "ownerId" TEXT, "addressId" TEXT, "name" TEXT, "stars" TEXT, "type" TEXT, "isAccessible" TEXT, "numberRooms" TEXT, "numberFloors" TEXT, "constructionYear" TEXT, "capacity" TEXT, "employees" TEXT, "operatingMode" TEXT);
INSERT INTO "Hotel" VALUES('1','7','7','Hotel Baur au Lac','1','Budget','1','12963','12963','1925','1296','1296241970','In Service');
INSERT INTO "Hotel" VALUES('2','7','7','Hotel Baur au Lac','1','Budget','1','12687','12687','1925','1269','1268630902','Occupied');
INSERT INTO "Hotel" VALUES('3','14','14','Hotel Niesenblick','4','Vacation Rental','0','93995','93995','2087','9398','9399640647','Closed');
INSERT INTO "Hotel" VALUES('4','32','32','Hotel Hammetweil','2','Motel','1','27108','27108','1954','2711','2710774335','Closed');
INSERT INTO "Hotel" VALUES('5','27','27','Hotel Derby','3','Hostel','0','62337','62337','2024','6233','6233766879','Closed');
INSERT INTO "Hotel" VALUES('6','28','28','Hotel Eden','3','Hostel','0','52901','52901','2005','5290','5290147700','Occupied');
INSERT INTO "Hotel" VALUES('7','14','14','Hotel Niesenblick','3','Business','0','54264','54264','2008','5426','5426409578','Under Maintenance');
INSERT INTO "Hotel" VALUES('8','36','36','Hotel Limmathof','2','Business','1','26705','26705','1953','2670','2670525158','Pending');
INSERT INTO "Hotel" VALUES('9','9','9','Hotel Paradies','2','Guesthouse','1','45917','45917','1991','4591','4591760734','Occupied');
INSERT INTO "Hotel" VALUES('10','41','41','Hotel Quellbrunn','2','Bed and Breakfast','1','41668','41668','1983','4166','4166829387','Under Maintenance');
INSERT INTO "Hotel" VALUES('11','21','21','Hotel Rhaetia','3','Business','0','70453','70453','2040','7044','7045383728','Closed');
INSERT INTO "Hotel" VALUES('12','22','22','Hotel Weisshorn','1','Business','1','17406','17406','1934','1741','1740605781','Under Maintenance');
INSERT INTO "Hotel" VALUES('13','34','34','Hotel Jungfrau','4','Guesthouse','0','80715','80715','2061','8070','8071587524','Occupied');
INSERT INTO "Hotel" VALUES('14','10','10','Hotel Montana','2','Bed and Breakfast','1','41022','41022','1982','4102','4102235923','Pending');
INSERT INTO "Hotel" VALUES('15','39','39','Hotel Oberland','3','Luxury','0','59910','59910','2019','5990','5991095646','Pending');
INSERT INTO "Hotel" VALUES('16','38','38','Hotel Niedersachsenhof','2','Business','1','43035','43035','1986','4303','4303536107','Available');
INSERT INTO "Hotel" VALUES('17','42','42','Hotel Rigi','3','Resort','0','66335','66335','2032','6633','6633568043','Under Maintenance');
INSERT INTO "Hotel" VALUES('18','1','1','Hotel Alpenblick','1','Hostel','1','18637','18637','1937','1864','1863659821','In Service');
INSERT INTO "Hotel" VALUES('19','21','21','Hotel Rhaetia','4','Hostel','0','77140','77140','2054','7713','7714080563','Closed');
INSERT INTO "Hotel" VALUES('20','45','45','Hotel Uhland','4','Bed and Breakfast','0','75267','75267','2050','7526','7526763430','Pending');
INSERT INTO "Hotel" VALUES('21','17','17','Hotel Walhalla','4','Resort','0','82268','82268','2064','8226','8226959312','Closed');
INSERT INTO "Hotel" VALUES('22','26','26','Hotel Carlton','1','Vacation Rental','1','1131','1131','1902','114','113035311','Closed');
INSERT INTO "Hotel" VALUES('23','34','34','Hotel Jungfrau','4','Resort','0','79680','79680','2059','7967','7968121009','In Service');
INSERT INTO "Hotel" VALUES('24','28','28','Hotel Eden','2','Bed and Breakfast','1','41282','41282','1982','4128','4128254890','Under Maintenance');
INSERT INTO "Hotel" VALUES('25','30','30','Hotel Gandria','4','Vacation Rental','0','88843','88843','2077','8883','8884380052','In Service');
INSERT INTO "Hotel" VALUES('26','41','41','Hotel Quellbrunn','2','Resort','1','33303','33303','1966','3330','3330341332','Under Maintenance');
INSERT INTO "Hotel" VALUES('27','20','20','Hotel Bernina','3','Boutique','0','50142','50142','2000','5014','5014288455','Available');
INSERT INTO "Hotel" VALUES('28','16','16','Hotel Berghof','3','Bed and Breakfast','0','67420','67420','2034','6741','6742128413','Under Maintenance');
INSERT INTO "Hotel" VALUES('29','46','46','Hotel Vogelsang','3','Business','0','55341','55341','2010','5534','5534156270','In Service');
INSERT INTO "Hotel" VALUES('30','5','5','Hotel Schweizerhof','3','Budget','0','58350','58350','2016','5834','5835039489','Closed');
INSERT INTO "Hotel" VALUES('31','17','17','Hotel Walhalla','4','Hostel','0','89720','89720','2079','8971','8972109574','Under Maintenance');
INSERT INTO "Hotel" VALUES('32','42','42','Hotel Rigi','4','Boutique','0','80989','80989','2061','8098','8098996328','Occupied');
INSERT INTO "Hotel" VALUES('33','19','19','Hotel Palü','2','Business','1','38560','38560','1977','3856','3855978679','Under Maintenance');
INSERT INTO "Hotel" VALUES('34','46','46','Hotel Vogelsang','2','Boutique','1','30734','30734','1961','3073','3073442301','Pending');
INSERT INTO "Hotel" VALUES('35','29','29','Hotel Flüela','4','Bed and Breakfast','0','90685','90685','2081','9067','9068665607','In Service');
INSERT INTO "Hotel" VALUES('36','50','50','Hotel Zermatt','2','Boutique','1','39597','39597','1979','3959','3959728930','Occupied');
INSERT INTO "Hotel" VALUES('37','15','15','Hotel Silvretta','1','Vacation Rental','1','9262','9262','1918','927','926213480','Pending');
INSERT INTO "Hotel" VALUES('38','18','18','Hotel Rössli','2','Hostel','1','33268','33268','1966','3327','3326802191','Closed');
INSERT INTO "Hotel" VALUES('39','20','20','Hotel Bernina','4','Resort','0','82245','82245','2064','8223','8224598516','Occupied');
INSERT INTO "Hotel" VALUES('40','39','39','Hotel Oberland','2','Motel','1','37046','37046','1974','3704','3704624982','Under Maintenance');
INSERT INTO "Hotel" VALUES('41','24','24','Hotel Adler','4','Boutique','0','90804','90804','2081','9079','9080550179','Under Maintenance');
INSERT INTO "Hotel" VALUES('42','10','10','Hotel Montana','3','Bed and Breakfast','0','56378','56378','2012','5637','5637875471','Occupied');
INSERT INTO "Hotel" VALUES('43','40','40','Hotel Pilatus','4','Business','0','98903','98903','2097','9889','9890444919','Occupied');
INSERT INTO "Hotel" VALUES('44','26','26','Hotel Carlton','2','Bed and Breakfast','1','29444','29444','1958','2944','2944390579','Pending');
INSERT INTO "Hotel" VALUES('45','20','20','Hotel Bernina','2','Budget','1','34414','34414','1968','3441','3441384015','Pending');
INSERT INTO "Hotel" VALUES('46','23','23','Hotel Alpenrose','1','Luxury','1','23837','23837','1947','2384','2383744249','Pending');
INSERT INTO "Hotel" VALUES('47','13','13','Hotel Davoserhof','2','Hostel','1','38917','38917','1977','3891','3891739812','In Service');
INSERT INTO "Hotel" VALUES('48','10','10','Hotel Montana','4','Budget','0','76428','76428','2052','7642','7642914929','Occupied');
INSERT INTO "Hotel" VALUES('49','34','34','Hotel Jungfrau','2','Vacation Rental','1','47027','47027','1994','4702','4702767890','In Service');
INSERT INTO "Hotel" VALUES('50','49','49','Hotel Yverdon','4','Business','0','85794','85794','2071','8578','8579495138','In Service');
CREATE TABLE "Hotel_PensionType" ("HotelhotelId" TEXT, "pensionTypeId" TEXT);
INSERT INTO "Hotel_PensionType" VALUES('13','2');
INSERT INTO "Hotel_PensionType" VALUES('44','4');
INSERT INTO "Hotel_PensionType" VALUES('34','4');
INSERT INTO "Hotel_PensionType" VALUES('45','1');
INSERT INTO "Hotel_PensionType" VALUES('42','3');
INSERT INTO "Hotel_PensionType" VALUES('21','3');
INSERT INTO "Hotel_PensionType" VALUES('46','4');
INSERT INTO "Hotel_PensionType" VALUES('7','3');
INSERT INTO "Hotel_PensionType" VALUES('31','3');
INSERT INTO "Hotel_PensionType" VALUES('31','1');
INSERT INTO "Hotel_PensionType" VALUES('47','1');
INSERT INTO "Hotel_PensionType" VALUES('44','2');
INSERT INTO "Hotel_PensionType" VALUES('36','3');
INSERT INTO "Hotel_PensionType" VALUES('30','1');
INSERT INTO "Hotel_PensionType" VALUES('2','2');
INSERT INTO "Hotel_PensionType" VALUES('4','3');
INSERT INTO "Hotel_PensionType" VALUES('18','4');
INSERT INTO "Hotel_PensionType" VALUES('28','2');
INSERT INTO "Hotel_PensionType" VALUES('3','4');
INSERT INTO "Hotel_PensionType" VALUES('9','4');
INSERT INTO "Hotel_PensionType" VALUES('8','4');
INSERT INTO "Hotel_PensionType" VALUES('17','3');
INSERT INTO "Hotel_PensionType" VALUES('23','1');
INSERT INTO "Hotel_PensionType" VALUES('32','1');
INSERT INTO "Hotel_PensionType" VALUES('41','1');
INSERT INTO "Hotel_PensionType" VALUES('21','1');
INSERT INTO "Hotel_PensionType" VALUES('37','4');
INSERT INTO "Hotel_PensionType" VALUES('15','1');
INSERT INTO "Hotel_PensionType" VALUES('38','2');
INSERT INTO "Hotel_PensionType" VALUES('10','2');
INSERT INTO "Hotel_PensionType" VALUES('39','1');
INSERT INTO "Hotel_PensionType" VALUES('25','3');
INSERT INTO "Hotel_PensionType" VALUES('38','2');
INSERT INTO "Hotel_PensionType" VALUES('12','1');
INSERT INTO "Hotel_PensionType" VALUES('28','1');
INSERT INTO "Hotel_PensionType" VALUES('33','1');
INSERT INTO "Hotel_PensionType" VALUES('1','3');
INSERT INTO "Hotel_PensionType" VALUES('2','2');
INSERT INTO "Hotel_PensionType" VALUES('45','2');
INSERT INTO "Hotel_PensionType" VALUES('33','2');
INSERT INTO "Hotel_PensionType" VALUES('7','3');
INSERT INTO "Hotel_PensionType" VALUES('45','2');
INSERT INTO "Hotel_PensionType" VALUES('7','2');
INSERT INTO "Hotel_PensionType" VALUES('6','1');
INSERT INTO "Hotel_PensionType" VALUES('43','2');
INSERT INTO "Hotel_PensionType" VALUES('47','4');
INSERT INTO "Hotel_PensionType" VALUES('6','4');
INSERT INTO "Hotel_PensionType" VALUES('10','3');
INSERT INTO "Hotel_PensionType" VALUES('21','4');
INSERT INTO "Hotel_PensionType" VALUES('37','3');
CREATE TABLE "Owner" ("ownerId" TEXT, "addressId" TEXT, "name" TEXT, "surname" TEXT, "company" TEXT);
INSERT INTO "Owner" VALUES('1','14','Alice Johnson','Garcia','Hooli');
INSERT INTO "Owner" VALUES('2','13','Chris Martinez','Martin','Widgets Inc.');
INSERT INTO "Owner" VALUES('3','23','Emily Davis','Martin','Oscorp');
INSERT INTO "Owner" VALUES('4','49','Emily Davis','Rodriguez','Oscorp');
INSERT INTO "Owner" VALUES('5','9','Emily Davis','Williams','Monsters, Inc.');
INSERT INTO "Owner" VALUES('6','23','Sophia Miller','Williams','Tyrell Corporation');
INSERT INTO "Owner" VALUES('7','26','David Wilson','Martinez','Freeman Motors');
INSERT INTO "Owner" VALUES('8','21','Michael Brown','Hernandez','Oscorp');
INSERT INTO "Owner" VALUES('9','50','Emily Davis','Davis','Stark Industries');
INSERT INTO "Owner" VALUES('10','39','Chris Martinez','Rodriguez','Bluth Company');
INSERT INTO "Owner" VALUES('11','49','Emily Davis','Thomas','Bates Automotive');
INSERT INTO "Owner" VALUES('12','46','Emily Davis','Martin','Monsters, Inc.');
INSERT INTO "Owner" VALUES('13','23','Michael Brown','Jackson','Oscorp');
INSERT INTO "Owner" VALUES('14','17','Jane Smith','Rodriguez','Freeman Motors');
INSERT INTO "Owner" VALUES('15','3','Jane Smith','Miller','Umbrella Corporation');
INSERT INTO "Owner" VALUES('16','41','John Doe','Williams','Bates Automotive');
INSERT INTO "Owner" VALUES('17','19','Maria Garcia','Williams','Oscorp');
INSERT INTO "Owner" VALUES('18','9','Michael Brown','Johnson','Umbrella Corporation');
INSERT INTO "Owner" VALUES('19','42','Michael Brown','Taylor','Bates Automotive');
INSERT INTO "Owner" VALUES('20','6','Jane Smith','Davis','Umbrella Corporation');
INSERT INTO "Owner" VALUES('21','22','Maria Garcia','Davis','Bluth Company');
INSERT INTO "Owner" VALUES('22','24','Jane Smith','Williams','Monsters, Inc.');
INSERT INTO "Owner" VALUES('23','34','Emily Davis','Taylor','Dunder Mifflin');
INSERT INTO "Owner" VALUES('24','21','Emily Davis','Brown','Globex Corporation');
INSERT INTO "Owner" VALUES('25','31','Sophia Miller','Martinez','Hooli');
INSERT INTO "Owner" VALUES('26','32','Sophia Miller','Wilson','Monsters, Inc.');
INSERT INTO "Owner" VALUES('27','37','James Anderson','Williams','Wayne Enterprises');
INSERT INTO "Owner" VALUES('28','23','Emily Davis','Rodriguez','Hooli');
INSERT INTO "Owner" VALUES('29','39','John Doe','Gonzalez','Wayne Enterprises');
INSERT INTO "Owner" VALUES('30','2','Michael Brown','Gonzalez','Umbrella Corporation');
INSERT INTO "Owner" VALUES('31','16','Alice Johnson','Martinez','Bluth Company');
INSERT INTO "Owner" VALUES('32','11','Emily Davis','Thomas','Monsters, Inc.');
INSERT INTO "Owner" VALUES('33','45','Alice Johnson','Miller','Globex Corporation');
INSERT INTO "Owner" VALUES('34','23','Emily Davis','Jones','Acme Corp');
INSERT INTO "Owner" VALUES('35','24','Alice Johnson','Moore','Widgets Inc.');
INSERT INTO "Owner" VALUES('36','12','Maria Garcia','Martinez','Freeman Motors');
INSERT INTO "Owner" VALUES('37','11','Maria Garcia','Wilson','Globex Corporation');
INSERT INTO "Owner" VALUES('38','41','Sophia Miller','Martinez','Initech');
INSERT INTO "Owner" VALUES('39','35','Chris Martinez','Jones','Umbrella Corporation');
INSERT INTO "Owner" VALUES('40','42','Alice Johnson','Rodriguez','Acme Corp');
INSERT INTO "Owner" VALUES('41','34','Sophia Miller','Jones','Bluth Company');
INSERT INTO "Owner" VALUES('42','34','Maria Garcia','Taylor','Umbrella Corporation');
INSERT INTO "Owner" VALUES('43','32','James Anderson','Taylor','Wayne Enterprises');
INSERT INTO "Owner" VALUES('44','47','Maria Garcia','Wilson','Pacific Gas and Electric Company');
INSERT INTO "Owner" VALUES('45','5','Sophia Miller','Wilson','Hooli');
INSERT INTO "Owner" VALUES('46','31','Jane Smith','Lopez','Bates Automotive');
INSERT INTO "Owner" VALUES('47','41','Maria Garcia','Jackson','Dunder Mifflin');
INSERT INTO "Owner" VALUES('48','34','Alice Johnson','Garcia','Tyrell Corporation');
INSERT INTO "Owner" VALUES('49','38','Jane Smith','Gonzalez','Stark Industries');
INSERT INTO "Owner" VALUES('50','41','David Wilson','Taylor','Stark Industries');
CREATE TABLE "Payment" ("paymentId" TEXT, "method" TEXT);
INSERT INTO "Payment" VALUES('1','PayPal');
INSERT INTO "Payment" VALUES('2','Lastschrift');
INSERT INTO "Payment" VALUES('3','Geschenkkarte');
INSERT INTO "Payment" VALUES('4','Debitkarte');
INSERT INTO "Payment" VALUES('5','Lastschrift');
INSERT INTO "Payment" VALUES('6','Kreditkarte');
INSERT INTO "Payment" VALUES('7','PayPal');
INSERT INTO "Payment" VALUES('8','Überweisung');
INSERT INTO "Payment" VALUES('9','Mobile Zahlung');
INSERT INTO "Payment" VALUES('10','Geschenkkarte');
CREATE TABLE "PensionType" ("pensionTypeId" TEXT, "type" TEXT);
INSERT INTO "PensionType" VALUES('1','Abendessen');
INSERT INTO "PensionType" VALUES('2','Mittagessen');
INSERT INTO "PensionType" VALUES('3','Vollverpflegung');
INSERT INTO "PensionType" VALUES('4','Übernachtung mit Frühstück');
CREATE TABLE "Room" ("roomId" TEXT, "hotelId" TEXT, "roomNumber" TEXT, "floor" TEXT, "type" TEXT, "isAccessible" TEXT, "hasBalcony" TEXT, "capacity" TEXT, "pricePerNight" TEXT, "description" TEXT);
INSERT INTO "Room" VALUES('1','48','804','8','Queen Room','0','0','6','183.33','Etiam praetereat omnes voluptates, dolores denique quosvis suscipere malit quam deserere ullam officii partem, ad ea, quae sensum moveat, nulla successerit, eoque intellegi potest quanta voluptas sit non dolere. Sed ut omittam pericula, labores, dolorem etiam, quem optimus quisque pro patria et pro suis suscipit, ut non modo nullam captet, sed etiam spe eriguntur consequentis ac.');
INSERT INTO "Room" VALUES('2','46','802','8','Family Room','0','0','2','180.14','Satis esse admonere. Interesse enim inter argumentum conclusionemque rationis et inter mediocrem animadversionem atque admonitionem. Altera occulta quaedam et horrida, de malis Graecis Latine scripta deterius. Quibus ego assentior, cum a philosophis compluribus permulta dicantur, cur nec voluptas in bonis sit numeranda nec in.');
INSERT INTO "Room" VALUES('3','18','305','3','Deluxe Suite','0','0','4','185.30','Fuisse. Fieri, inquam, Triari, nullo pacto potest, ut non modo non repugnantibus, verum etiam approbantibus nobis. Sic enim ab Epicuro sapiens semper beatus inducitur: finitas habet cupiditates, neglegit mortem, de diis inmortalibus sine ullo metu vera sentit, non dubitat, si ita melius sit, migrare de vita. His rebus instructus semper est in voluptate ponit, quod summum.');
INSERT INTO "Room" VALUES('4','50','806','8','King Room','1','1','4','137.96','Signiferumque, maluisti dici. Graece ergo praetor Athenis, id quod maluisti, te, cum ad me.');
INSERT INTO "Room" VALUES('5','22','403','4','Queen Room','0','0','8','153.95','Sit id, de quo Lucilius: ''ferreum scriptorem'', verum, opinor, scriptorem tamen, ut legendus sit. Rudem enim esse censet.');
INSERT INTO "Room" VALUES('6','39','701','7','Studio','0','0','1','185.79','Extremum bonorum omnium, beateque vivere nihil aliud sit nisi cum voluptate conectitur. Nam et complectitur verbis, quod vult, et dicit plane, quod intellegam; et tamen ego a philosopho.');
INSERT INTO "Room" VALUES('7','42','802','8','Queen Room','1','1','2','143.84','Vel summum bonorum vel ultimum vel extremum -- quod et.');
INSERT INTO "Room" VALUES('8','46','804','8','Queen Room','0','0','6','169.03','Assentior; neque enim tempus est ullum, quo non plus voluptatum habeat quam dolorum. Nam et ipsa declinatio ad libidinem fingitur -- ait enim declinare atomum sine causa; quo nihil nec summum nec infimum nec medium nec ultimum nec extremum sit.');
INSERT INTO "Room" VALUES('9','33','805','8','Suite','0','0','4','174.49','Multi etiam, ut te consule, ipsi se indicaverunt. Quodsi qui satis sibi contra hominum conscientiam saepti esse et muniti videntur, deorum tamen horrent easque ipsas sollicitudines, quibus eorum animi noctesque diesque exeduntur, a diis inmortalibus sine ullo metu vera sentit, non dubitat, si ita melius sit, migrare de vita. His rebus instructus semper est in voluptate.');
INSERT INTO "Room" VALUES('10','46','404','4','King Room','0','0','6','179.76','Nec distrahi possint, sic de iustitia iudicandum est, quae non modo voluptatem esse, verum etiam summam voluptatem. Quisquis enim sentit, quem ad me de virtute misisti. Sed ex eo credo quibusdam usu venire; ut abhorreant a Latinis, quod inciderint in inculta quaedam et horrida, de malis Graecis Latine.');
INSERT INTO "Room" VALUES('11','48','803','8','Single','0','0','8','186.96','Scaevola: Graecum te, Albuci, quam Romanum atque Sabinum, municipem Ponti, Tritani, centurionum, praeclarorum hominum ac primorum signiferumque, maluisti dici. Graece ergo praetor Athenis, id.');
INSERT INTO "Room" VALUES('12','49','302','3','Deluxe Suite','0','0','2','160.05','Dixit in physicis nec ea ipsa, quae laudatur, industria, ne fortitudo quidem, sed ista sequimur, ut sine cura metuque vivamus animumque et corpus, quantum efficere possimus, molestia.');
INSERT INTO "Room" VALUES('13','18','704','7','Deluxe Suite','0','0','6','180.44','Ne iustitiam quidem recte quis dixerit per se ipsam causam non multo maiores esse et muniti videntur, deorum tamen horrent easque ipsas sollicitudines, quibus eorum animi noctesque diesque exeduntur, a diis inmortalibus.');
INSERT INTO "Room" VALUES('14','23','104','1','Studio','0','0','6','185.18','Affert? Nec mihi tamen, ne faciam, interdictum puto. Locos quidem quosdam, si videbitur, transferam, et maxime ab iis, quos modo nominavi, cum Attico nostro frequenter audivi, cum mihi nihil sane praeter sedulitatem probarent, omnes mihi Epicuri sententiae satis notae sunt. Atque eos, quos nominavi, cum inciderit, ut id meo arbitratu facerem, ante hoc tempus numquam est.');
INSERT INTO "Room" VALUES('15','47','506','5','Family Room','0','0','4','183.25','Eorum utrumvis, si aeque diu sit in corpore. Non placet autem detracta voluptate aegritudinem statim consequi, nisi in voluptatis locum dolor forte successerit, at contra gaudere nosmet omittendis doloribus, etiamsi voluptas ea.');
INSERT INTO "Room" VALUES('16','4','703','7','Single','0','0','8','184.83','Est, necesse est, non satis politus iis artibus, quas qui tenent, eruditi appellantur -- aut ne deterruisset alios a studiis. Quamquam te quidem video esse a nostris non legantur? Quamquam, si plane sic verterem Platonem aut.');
INSERT INTO "Room" VALUES('17','41','605','6','Suite','1','1','4','138.31','Quam ex hoc percipiatur, quod videamus esse finitum. In dialectica.');
INSERT INTO "Room" VALUES('18','37','402','4','King Room','1','1','2','145.34','Leniter arridens: Tu quidem, inquit, totum Epicurum paene e philosophorum choro sustulisti. Quid ei reliquisti, nisi te, quoquo modo loqueretur, intellegere, quid diceret? Aliena dixit in.');
INSERT INTO "Room" VALUES('19','21','604','6','King Room','0','0','6','181.27','Tum fit ut aegritudo sequatur, si illa mala sint, laetitia, si bona. O praeclaram beate vivendi et apertam et simplicem.');
INSERT INTO "Room" VALUES('20','36','104','1','Deluxe Suite','1','1','6','132.81','Ipsum, quia dolor sit, amet, consectetur, adipisci velit, sed quia iucunditatis vel plurimum afferat. Nam diligi et carum esse iucundum est propterea, quia tutiorem vitam et voluptatem pleniorem.');
INSERT INTO "Room" VALUES('21','20','306','3','Deluxe Suite','0','0','4','173.26','Putant dici ab illo, recta et honesta quae sint, ea facere ipsa per se ipsa allicit nec patientia nec assiduitas nec vigiliae nec ea.');
INSERT INTO "Room" VALUES('22','19','603','6','King Room','1','1','8','116.95','Omnis voluptas assumenda est, omnis dolor repellendus. Temporibus.');
INSERT INTO "Room" VALUES('23','28','503','5','King Room','0','0','8','185.28','Animo inbecilloque ferre miserum est, ob eamque causam propter voluptatem et dolorem? Sunt autem quidam e nostris, qui haec subtilius velint tradere et negent satis esse, quid bonum sit aut quid iudicat, quo aut petat aut.');
INSERT INTO "Room" VALUES('24','29','504','5','Double','0','0','6','158.35','Quorum utrumque audivi, cum miraretur ille quidem utrumque, Phaedrum autem etiam amaret, cotidieque inter nos ea, quae dices, libenter assentiar. Probabo, inquit, modo ista sis aequitate, quam ostendis. Sed uti.');
INSERT INTO "Room" VALUES('25','7','102','1','Deluxe Suite','0','0','2','172.19','Ostendis. Sed uti oratione perpetua malo quam interrogare aut interrogari. Ut placet, inquam. Tum dicere exorsus est. Primum igitur, inquit, sic agam, ut ipsi auctori huius disciplinae placet: constituam, quid et quale sit id, de quo Lucilius: ''ferreum scriptorem'', verum, opinor, scriptorem tamen, ut legendus sit. Rudem enim.');
INSERT INTO "Room" VALUES('26','2','302','3','Family Room','0','0','2','166.01','Venire; ut abhorreant a Latinis, quod inciderint in inculta quaedam et quasi architecto beatae vitae.');
INSERT INTO "Room" VALUES('27','17','701','7','Deluxe Suite','1','1','1','113.49','Voluptatis. Sin autem summa voluptas est, ut necessariae nec opera.');
INSERT INTO "Room" VALUES('28','14','506','5','Deluxe Suite','1','1','4','142.54','Pro patria et pro suis suscipit, ut non dicas, quid non probes eius, a quo dissentias. Quid enim me prohiberet Epicureum esse, si probarem, quae ille.');
INSERT INTO "Room" VALUES('29','40','401','4','King Room','0','0','1','164.31','Sed cum ea, quae dixi, sole ipso illustriora et clariora sunt, si omnia deorsus e regione ferrentur et, ut dixi, ad lineam, hunc naturalem esse omnium corporum motum. Deinde ibidem homo acutus, cum.');
INSERT INTO "Room" VALUES('30','12','703','7','Single','1','1','8','117.78','Pertinacia recte disputari potest. Sed ad.');
INSERT INTO "Room" VALUES('31','39','305','3','Single','0','0','4','164.98','Ex eo credo quibusdam usu venire; ut abhorreant a Latinis, quod inciderint in inculta quaedam.');
INSERT INTO "Room" VALUES('32','20','701','7','Double','1','1','1','141.51','Aut ne deterruisset alios a studiis. Quamquam te quidem video minime esse.');
INSERT INTO "Room" VALUES('33','31','201','2','Single','1','1','1','139.43','Arare aut aliquid ferre denique'' -- non enim illum ab industria, sed.');
INSERT INTO "Room" VALUES('34','18','402','4','Double','0','0','2','162.82','Quaeque res efficiatur, alterum, quae naturales essent nec tamen necessariae, tertium, quae nec naturales nec necessariae. Quarum ea ratio est, ut.');
INSERT INTO "Room" VALUES('35','39','405','4','King Room','0','0','4','153.05','Aut fugiat aliquid, praeter voluptatem et dolorem? Sunt autem quidam Epicurei timidiores paulo contra vestra convicia, sed tamen satis acuti, qui verentur ne, si id non faciant, incidant in maiorem. Ex quo efficeretur.');
INSERT INTO "Room" VALUES('36','7','503','5','Family Room','0','0','8','154.55','Liberos atque in sanguinem suum tam crudelis fuisse, nihil ut de commodis suis cogitarent? At id ne ferae quidem faciunt, ut.');
INSERT INTO "Room" VALUES('37','21','805','8','King Room','1','1','4','121.32','Malorum fere a nobis sic intelleges eitam, ut ab ipsis, qui.');
INSERT INTO "Room" VALUES('38','37','403','4','King Room','1','1','8','114.03','Inquit, modo ista sis aequitate, quam ostendis.');
INSERT INTO "Room" VALUES('39','24','401','4','King Room','1','1','1','136.85','Me ab eo dissentiunt, sed certe non probes, eum quem ego arbitror unum vidisse verum maximisque erroribus animos hominum liberavisse et omnia tradidisse, quae.');
INSERT INTO "Room" VALUES('40','28','703','7','Deluxe Suite','1','1','8','132.48','Impendere malum nobis opinemur. Quod idem licet transferre in voluptatem.');
INSERT INTO "Room" VALUES('41','49','806','8','King Room','0','0','4','171.29','Totum Epicurum paene e philosophorum choro sustulisti. Quid ei reliquisti, nisi te, quoquo modo loqueretur, intellegere, quid diceret? Aliena dixit in physicis nec ea ipsa, quae laudatur, industria, ne fortitudo quidem, sed ista sequimur, ut sine cura metuque vivamus animumque.');
INSERT INTO "Room" VALUES('42','20','405','4','Single','1','1','4','128.83','Retinere non posse. Qui autem, si.');
INSERT INTO "Room" VALUES('43','41','101','1','King Room','0','0','1','169.24','Ei responsum, cum C. Triarius, in primis gravis et doctus adolescens, ei disputationi interesset. Nam cum ad me de virtute.');
INSERT INTO "Room" VALUES('44','50','201','2','Suite','1','1','1','141.60','Vituperatum. Iam in altera philosophiae parte. Quae est quaerendi ac disserendi, quae.');
INSERT INTO "Room" VALUES('45','6','405','4','Studio','0','0','4','157.90','Est ad quiete vivendum, caritatem, praesertim cum omnino nulla sit utilitas ex amicitia, tamen ipsi.');
INSERT INTO "Room" VALUES('46','18','102','1','Family Room','1','1','2','140.38','Corporis praesenti futurove seiunctum. Nec vero hoc oratione solum, sed multo etiam magis, quorum ille iudicium reformidans Tarentinis.');
INSERT INTO "Room" VALUES('47','24','305','3','Studio','0','0','4','171.69','Hominibus dici non modo non impediri rationem amicitiae, si summum bonum consequamur? Clamat Epicurus, is quem vos nimis voluptatibus esse deditum dicitis; non posse iucunde vivi, nisi sapienter, honeste iusteque vivatur, nec sapienter, honeste, iuste, nisi iucunde. Neque enim civitas in seditione beata esse potest nec in malis.');
INSERT INTO "Room" VALUES('48','1','703','7','Queen Room','1','1','8','137.84','Esse solam, quae nos vocet ad se et alliciat suapte natura, non potest esse dubium, quin id sit summum atque extremum bonorum omnium, beateque vivere nihil.');
INSERT INTO "Room" VALUES('49','24','501','5','King Room','0','0','1','169.11','Inquit, sic agam, ut ipsi auctori huius disciplinae placet: constituam, quid et quale sit id, de quo Lucilius: ''ferreum scriptorem'', verum, opinor, scriptorem tamen, ut legendus sit. Rudem enim esse censet, quantus videtur, vel paulo aut maiorem aut minorem. Ita, quae mutat, ea corrumpit, quae sequitur sunt tota Democriti, atomi, inane, imagines, quae eidola nominant, quorum.');
INSERT INTO "Room" VALUES('50','2','703','7','Family Room','1','1','8','121.74','Illa vendibiliora, haec uberiora certe sunt. Quamquam id quidem facio.');
CREATE TABLE "Room_Booking" ("roomId" TEXT, "bookingId" TEXT);
INSERT INTO "Room_Booking" VALUES('19','19');
INSERT INTO "Room_Booking" VALUES('33','33');
INSERT INTO "Room_Booking" VALUES('11','11');
INSERT INTO "Room_Booking" VALUES('48','48');
INSERT INTO "Room_Booking" VALUES('3','3');
INSERT INTO "Room_Booking" VALUES('35','35');
INSERT INTO "Room_Booking" VALUES('44','44');
INSERT INTO "Room_Booking" VALUES('20','20');
INSERT INTO "Room_Booking" VALUES('4','4');
INSERT INTO "Room_Booking" VALUES('17','17');
INSERT INTO "Room_Booking" VALUES('12','12');
INSERT INTO "Room_Booking" VALUES('6','6');
INSERT INTO "Room_Booking" VALUES('14','14');
INSERT INTO "Room_Booking" VALUES('42','42');
INSERT INTO "Room_Booking" VALUES('5','5');
INSERT INTO "Room_Booking" VALUES('4','4');
INSERT INTO "Room_Booking" VALUES('27','27');
INSERT INTO "Room_Booking" VALUES('12','12');
INSERT INTO "Room_Booking" VALUES('49','49');
INSERT INTO "Room_Booking" VALUES('31','31');
INSERT INTO "Room_Booking" VALUES('32','32');
INSERT INTO "Room_Booking" VALUES('6','6');
INSERT INTO "Room_Booking" VALUES('50','50');
INSERT INTO "Room_Booking" VALUES('1','1');
INSERT INTO "Room_Booking" VALUES('40','40');
INSERT INTO "Room_Booking" VALUES('25','25');
INSERT INTO "Room_Booking" VALUES('31','31');
INSERT INTO "Room_Booking" VALUES('22','22');
INSERT INTO "Room_Booking" VALUES('4','4');
INSERT INTO "Room_Booking" VALUES('13','13');
INSERT INTO "Room_Booking" VALUES('5','5');
INSERT INTO "Room_Booking" VALUES('29','29');
INSERT INTO "Room_Booking" VALUES('8','8');
INSERT INTO "Room_Booking" VALUES('31','31');
INSERT INTO "Room_Booking" VALUES('14','14');
INSERT INTO "Room_Booking" VALUES('6','6');
INSERT INTO "Room_Booking" VALUES('27','27');
INSERT INTO "Room_Booking" VALUES('1','1');
INSERT INTO "Room_Booking" VALUES('24','24');
INSERT INTO "Room_Booking" VALUES('11','11');
INSERT INTO "Room_Booking" VALUES('36','36');
INSERT INTO "Room_Booking" VALUES('2','2');
INSERT INTO "Room_Booking" VALUES('2','2');
INSERT INTO "Room_Booking" VALUES('8','8');
INSERT INTO "Room_Booking" VALUES('35','35');
INSERT INTO "Room_Booking" VALUES('38','38');
INSERT INTO "Room_Booking" VALUES('27','27');
INSERT INTO "Room_Booking" VALUES('16','16');
INSERT INTO "Room_Booking" VALUES('12','12');
INSERT INTO "Room_Booking" VALUES('33','33');
CREATE TABLE "Room_Feature" ("roomId" TEXT, "featureId" TEXT);
INSERT INTO "Room_Feature" VALUES('18','18');
INSERT INTO "Room_Feature" VALUES('41','41');
INSERT INTO "Room_Feature" VALUES('38','38');
INSERT INTO "Room_Feature" VALUES('3','3');
INSERT INTO "Room_Feature" VALUES('36','36');
INSERT INTO "Room_Feature" VALUES('33','33');
INSERT INTO "Room_Feature" VALUES('43','43');
INSERT INTO "Room_Feature" VALUES('9','9');
INSERT INTO "Room_Feature" VALUES('26','26');
INSERT INTO "Room_Feature" VALUES('31','31');
INSERT INTO "Room_Feature" VALUES('3','3');
INSERT INTO "Room_Feature" VALUES('38','38');
INSERT INTO "Room_Feature" VALUES('27','27');
INSERT INTO "Room_Feature" VALUES('7','7');
INSERT INTO "Room_Feature" VALUES('19','19');
INSERT INTO "Room_Feature" VALUES('41','41');
INSERT INTO "Room_Feature" VALUES('23','23');
INSERT INTO "Room_Feature" VALUES('9','9');
INSERT INTO "Room_Feature" VALUES('24','24');
INSERT INTO "Room_Feature" VALUES('44','44');
INSERT INTO "Room_Feature" VALUES('23','23');
INSERT INTO "Room_Feature" VALUES('24','24');
INSERT INTO "Room_Feature" VALUES('25','25');
INSERT INTO "Room_Feature" VALUES('22','22');
INSERT INTO "Room_Feature" VALUES('50','50');
INSERT INTO "Room_Feature" VALUES('1','1');
INSERT INTO "Room_Feature" VALUES('20','20');
INSERT INTO "Room_Feature" VALUES('16','16');
INSERT INTO "Room_Feature" VALUES('46','46');
INSERT INTO "Room_Feature" VALUES('40','40');
INSERT INTO "Room_Feature" VALUES('33','33');
INSERT INTO "Room_Feature" VALUES('21','21');
INSERT INTO "Room_Feature" VALUES('9','9');
INSERT INTO "Room_Feature" VALUES('19','19');
INSERT INTO "Room_Feature" VALUES('26','26');
INSERT INTO "Room_Feature" VALUES('47','47');
INSERT INTO "Room_Feature" VALUES('21','21');
INSERT INTO "Room_Feature" VALUES('32','32');
INSERT INTO "Room_Feature" VALUES('2','2');
INSERT INTO "Room_Feature" VALUES('39','39');
INSERT INTO "Room_Feature" VALUES('24','24');
INSERT INTO "Room_Feature" VALUES('9','9');
INSERT INTO "Room_Feature" VALUES('21','21');
INSERT INTO "Room_Feature" VALUES('13','13');
INSERT INTO "Room_Feature" VALUES('47','47');
INSERT INTO "Room_Feature" VALUES('12','12');
INSERT INTO "Room_Feature" VALUES('17','17');
INSERT INTO "Room_Feature" VALUES('48','48');
INSERT INTO "Room_Feature" VALUES('1','1');
INSERT INTO "Room_Feature" VALUES('17','17');
UPDATE Room
SET capacity = CASE
    WHEN type = 'Single' THEN 1
    WHEN type = 'Queen Room' THEN 4
    WHEN type = 'Family Room' THEN 8
    WHEN type = 'King Room' THEN 6
    WHEN type = 'Studio' THEN 4
    WHEN type = 'Double' THEN 2
    ELSE capacity  -- Falls der Typ nicht zugeordnet ist, bleibt die Kapazität unverändert
END
WHERE type IN ('Single', 'Queen Room', 'Family Room', 'King Room', 'Studio', 'Double');
